,asset,assetAmount,value,date
0,ETH-A,513763.0,826624504.87,2022-07-20-00-00-00-000000
1,ETH-B,81241.0,130714071.46,2022-07-20-00-00-00-000000
2,ETH-C,963716.0,1550580295.59,2022-07-20-00-00-00-000000
3,WSTETH-A,131105.0,219782478.3,2022-07-20-00-00-00-000000
4,WSTETH-B,101665.0,170429707.91,2022-07-20-00-00-00-000000
5,USDC-A,227113187.0,227113186.98,2022-07-20-00-00-00-000000
6,WBTC-A,34096.0,823968866.67,2022-07-20-00-00-00-000000
7,WBTC-B,650.0,15716255.93,2022-07-20-00-00-00-000000
8,WBTC-C,5365.0,129648353.77,2022-07-20-00-00-00-000000
9,MANA-A,68345084.0,66741351.34,2022-07-20-00-00-00-000000
10,USDP-A,6237220.0,6237219.84,2022-07-20-00-00-00-000000
11,LINK-A,878302.0,6431875.31,2022-07-20-00-00-00-000000
12,YFI-A,58.0,396338.15,2022-07-20-00-00-00-000000
13,GUSD-A,392094.0,392093.89,2022-07-20-00-00-00-000000
14,UNI-A,114536.0,846744.28,2022-07-20-00-00-00-000000
15,RENBTC-A,355.0,8580283.33,2022-07-20-00-00-00-000000
16,MATIC-A,130864568.0,120434007.68,2022-07-20-00-00-00-000000
17,UNIV2DAIETH-A,1730.0,328521.37,2022-07-20-00-00-00-000000
18,UNIV2WBTCETH-A,0.00025942,500080.56,2022-07-20-00-00-00-000000
19,UNIV2USDCETH-A,0.04081832,6617201.34,2022-07-20-00-00-00-000000
20,UNIV2DAIUSDC-A,78.93299347,177781865.57,2022-07-20-00-00-00-000000
21,UNIV2WBTCDAI-A,0.00024175,13486.71,2022-07-20-00-00-00-000000
22,GUNIV3DAIUSDC1-A,750829.0,766182229.45,2022-07-20-00-00-00-000000
23,GUNIV3DAIUSDC2-A,3395361.0,686614537.7,2022-07-20-00-00-00-000000
24,CRVV1ETHSTETH-A,447.62431062,734080.13,2022-07-20-00-00-00-000000
25,RWA001-A,1.0,15913500.0,2022-07-20-00-00-00-000000
26,RWA002-A,1.0,22495725.0,2022-07-20-00-00-00-000000
27,RWA003-A,1.0,2359560.0,2022-07-20-00-00-00-000000
28,RWA004-A,1.0,8815730.0,2022-07-20-00-00-00-000000
29,RWA005-A,1.0,17199394.0,2022-07-20-00-00-00-000000
30,RWA006-A,0.0,0.0,2022-07-20-00-00-00-000000
31,USDC,3744149367.0,3741940318.8734703,2022-07-20-00-00-00-000000
32,USDP,459825635.0,461205111.905,2022-07-20-00-00-00-000000
33,GUSD,56.0,55.904520000000005,2022-07-20-00-00-00-000000
34,ETH-A,510581.0,767312571.55,2022-07-21-00-00-00-000000
35,ETH-B,81521.0,122511613.47,2022-07-21-00-00-00-000000
36,ETH-C,967753.0,1454361315.83,2022-07-21-00-00-00-000000
37,WSTETH-A,131105.0,207779092.46,2022-07-21-00-00-00-000000
38,WSTETH-B,102044.0,161722589.13,2022-07-21-00-00-00-000000
39,USDC-A,227113187.0,227113186.98,2022-07-21-00-00-00-000000
40,WBTC-A,34093.0,768303400.96,2022-07-21-00-00-00-000000
41,WBTC-B,640.0,14433513.04,2022-07-21-00-00-00-000000
42,WBTC-C,5364.0,120886789.38,2022-07-21-00-00-00-000000
43,MANA-A,68345084.0,61759937.28,2022-07-21-00-00-00-000000
44,USDP-A,6237220.0,6237219.84,2022-07-21-00-00-00-000000
45,LINK-A,878302.0,5971929.89,2022-07-21-00-00-00-000000
46,YFI-A,58.0,371681.46,2022-07-21-00-00-00-000000
47,GUSD-A,392094.0,392093.89,2022-07-21-00-00-00-000000
48,UNI-A,77966.0,531197.82,2022-07-21-00-00-00-000000
49,RENBTC-A,355.0,8001321.4,2022-07-21-00-00-00-000000
50,MATIC-A,130864568.0,115734940.57,2022-07-21-00-00-00-000000
51,UNIV2DAIETH-A,1730.0,346841.68,2022-07-21-00-00-00-000000
52,UNIV2WBTCETH-A,0.00025942,527946.06,2022-07-21-00-00-00-000000
53,UNIV2USDCETH-A,0.04081832,6425023.3,2022-07-21-00-00-00-000000
54,UNIV2DAIUSDC-A,77.6048325,174794960.06,2022-07-21-00-00-00-000000
55,UNIV2WBTCDAI-A,0.00024175,14119.6,2022-07-21-00-00-00-000000
56,GUNIV3DAIUSDC1-A,750963.0,766321918.94,2022-07-21-00-00-00-000000
57,GUNIV3DAIUSDC2-A,3395361.0,686617545.6,2022-07-21-00-00-00-000000
58,CRVV1ETHSTETH-A,447.62431062,693064.4,2022-07-21-00-00-00-000000
59,RWA001-A,1.0,15913500.0,2022-07-21-00-00-00-000000
60,RWA002-A,1.0,22495725.0,2022-07-21-00-00-00-000000
61,RWA003-A,1.0,2359560.0,2022-07-21-00-00-00-000000
62,RWA004-A,1.0,8815730.0,2022-07-21-00-00-00-000000
63,RWA005-A,1.0,17199394.0,2022-07-21-00-00-00-000000
64,RWA006-A,0.0,0.0,2022-07-21-00-00-00-000000
65,USDC,3735956165.0,3733419450.763965,2022-07-21-00-00-00-000000
66,USDP,459834311.0,461213813.933,2022-07-21-00-00-00-000000
67,GUSD,56.0,56.112,2022-07-21-00-00-00-000000
68,ETH-A,509482.0,813795384.7,2022-07-22-00-00-00-000000
69,ETH-B,87027.0,139007797.79,2022-07-22-00-00-00-000000
70,ETH-C,967763.0,1545808437.75,2022-07-22-00-00-00-000000
71,WSTETH-A,131110.0,221922607.3,2022-07-22-00-00-00-000000
72,WSTETH-B,102083.0,172789455.14,2022-07-22-00-00-00-000000
73,USDC-A,227113187.0,227113186.98,2022-07-22-00-00-00-000000
74,WBTC-A,34093.0,800923413.4,2022-07-22-00-00-00-000000
75,WBTC-B,639.0,15022827.18,2022-07-22-00-00-00-000000
76,WBTC-C,5365.0,126027542.42,2022-07-22-00-00-00-000000
77,MANA-A,68345084.0,66086647.93,2022-07-22-00-00-00-000000
78,USDP-A,6237220.0,6237219.84,2022-07-22-00-00-00-000000
79,LINK-A,878302.0,6266306.76,2022-07-22-00-00-00-000000
80,YFI-A,58.0,388005.75,2022-07-22-00-00-00-000000
81,GUSD-A,392094.0,392093.89,2022-07-22-00-00-00-000000
82,UNI-A,77966.0,580066.9,2022-07-22-00-00-00-000000
83,RENBTC-A,355.0,8341035.11,2022-07-22-00-00-00-000000
84,MATIC-A,130864568.0,119012164.14,2022-07-22-00-00-00-000000
85,UNIV2DAIETH-A,1730.0,365155.85,2022-07-22-00-00-00-000000
86,UNIV2WBTCETH-A,0.00025942,555802.21,2022-07-22-00-00-00-000000
87,UNIV2USDCETH-A,0.04081832,6669196.77,2022-07-22-00-00-00-000000
88,UNIV2DAIUSDC-A,77.6048325,174795554.0,2022-07-22-00-00-00-000000
89,UNIV2WBTCDAI-A,0.00024175,14752.28,2022-07-22-00-00-00-000000
90,GUNIV3DAIUSDC1-A,750889.0,766251672.21,2022-07-22-00-00-00-000000
91,GUNIV3DAIUSDC2-A,3869203.0,782442177.93,2022-07-22-00-00-00-000000
92,CRVV1ETHSTETH-A,447.62431062,750526.55,2022-07-22-00-00-00-000000
93,RWA001-A,1.0,15913500.0,2022-07-22-00-00-00-000000
94,RWA002-A,1.0,22495725.0,2022-07-22-00-00-00-000000
95,RWA003-A,1.0,2359560.0,2022-07-22-00-00-00-000000
96,RWA004-A,1.0,8815730.0,2022-07-22-00-00-00-000000
97,RWA005-A,1.0,17199394.0,2022-07-22-00-00-00-000000
98,RWA006-A,0.0,0.0,2022-07-22-00-00-00-000000
99,USDC,3669161642.0,3676499965.284,2022-07-22-00-00-00-000000
100,USDP,459834311.0,465352322.732,2022-07-22-00-00-00-000000
101,GUSD,56.0,55.929328,2022-07-22-00-00-00-000000
102,ETH-A,509482.0,797191370.68,2022-07-23-00-00-00-000000
103,ETH-B,87206.0,136451617.7,2022-07-23-00-00-00-000000
104,ETH-C,967760.0,1514263955.23,2022-07-23-00-00-00-000000
105,WSTETH-A,131110.0,217124250.15,2022-07-23-00-00-00-000000
106,WSTETH-B,102083.0,169053443.17,2022-07-23-00-00-00-000000
107,USDC-A,227113187.0,227113186.98,2022-07-23-00-00-00-000000
108,WBTC-A,34085.0,784671794.12,2022-07-23-00-00-00-000000
109,WBTC-B,642.0,14783513.63,2022-07-23-00-00-00-000000
110,WBTC-C,5365.0,123497033.27,2022-07-23-00-00-00-000000
111,MANA-A,68345084.0,63426820.55,2022-07-23-00-00-00-000000
112,USDP-A,6237220.0,6237219.84,2022-07-23-00-00-00-000000
113,LINK-A,878302.0,6111442.77,2022-07-23-00-00-00-000000
114,YFI-A,58.0,381780.28,2022-07-23-00-00-00-000000
115,GUSD-A,392094.0,392093.89,2022-07-23-00-00-00-000000
116,UNI-A,77966.0,556573.77,2022-07-23-00-00-00-000000
117,RENBTC-A,355.0,8173555.33,2022-07-23-00-00-00-000000
118,MATIC-A,130864568.0,114122226.22,2022-07-23-00-00-00-000000
119,UNIV2DAIETH-A,1730.0,365155.85,2022-07-23-00-00-00-000000
120,UNIV2WBTCETH-A,0.00025942,555802.21,2022-07-23-00-00-00-000000
121,UNIV2USDCETH-A,0.04081832,6601037.66,2022-07-23-00-00-00-000000
122,UNIV2DAIUSDC-A,77.6048325,174795593.11,2022-07-23-00-00-00-000000
123,UNIV2WBTCDAI-A,0.00024175,14752.28,2022-07-23-00-00-00-000000
124,GUNIV3DAIUSDC1-A,750889.0,766251672.21,2022-07-23-00-00-00-000000
125,GUNIV3DAIUSDC2-A,3869203.0,782442177.93,2022-07-23-00-00-00-000000
126,CRVV1ETHSTETH-A,447.62431062,734300.92,2022-07-23-00-00-00-000000
127,RWA001-A,1.0,15913500.0,2022-07-23-00-00-00-000000
128,RWA002-A,1.0,22495725.0,2022-07-23-00-00-00-000000
129,RWA003-A,1.0,2359560.0,2022-07-23-00-00-00-000000
130,RWA004-A,1.0,8815730.0,2022-07-23-00-00-00-000000
131,RWA005-A,1.0,17199394.0,2022-07-23-00-00-00-000000
132,RWA006-A,0.0,0.0,2022-07-23-00-00-00-000000
133,USDC,3666076363.0,3652284583.722394,2022-07-23-00-00-00-000000
134,USDP,459834311.0,462593316.866,2022-07-23-00-00-00-000000
135,GUSD,56.0,55.921096,2022-07-23-00-00-00-000000
136,ETH-A,509340.0,770356671.29,2022-07-25-00-00-00-000000
137,ETH-B,87372.0,132146283.16,2022-07-25-00-00-00-000000
138,ETH-C,926784.0,1401723762.43,2022-07-25-00-00-00-000000
139,WSTETH-A,131414.0,210488096.61,2022-07-25-00-00-00-000000
140,WSTETH-B,102252.0,163777753.97,2022-07-25-00-00-00-000000
141,USDC-A,227112537.0,227112536.98,2022-07-25-00-00-00-000000
142,WBTC-A,33907.0,743042775.78,2022-07-25-00-00-00-000000
143,WBTC-B,635.0,13922509.3,2022-07-25-00-00-00-000000
144,WBTC-C,5576.0,122202789.94,2022-07-25-00-00-00-000000
145,MANA-A,68345084.0,62381338.21,2022-07-25-00-00-00-000000
146,USDP-A,6237220.0,6237219.84,2022-07-25-00-00-00-000000
147,LINK-A,878302.0,5962198.63,2022-07-25-00-00-00-000000
148,YFI-A,58.0,382758.74,2022-07-25-00-00-00-000000
149,GUSD-A,392094.0,392093.89,2022-07-25-00-00-00-000000
150,UNI-A,77966.0,552140.11,2022-07-25-00-00-00-000000
151,RENBTC-A,355.0,7775906.48,2022-07-25-00-00-00-000000
152,MATIC-A,130864568.0,107973083.5,2022-07-25-00-00-00-000000
153,UNIV2DAIETH-A,1730.0,420157.5,2022-07-25-00-00-00-000000
154,UNIV2WBTCETH-A,0.00025942,639460.61,2022-07-25-00-00-00-000000
155,UNIV2USDCETH-A,0.04081832,6501166.38,2022-07-25-00-00-00-000000
156,UNIV2DAIUSDC-A,77.6048325,174796374.57,2022-07-25-00-00-00-000000
157,UNIV2WBTCDAI-A,0.00024175,16652.35,2022-07-25-00-00-00-000000
158,GUNIV3DAIUSDC1-A,750515.0,765872747.22,2022-07-25-00-00-00-000000
159,GUNIV3DAIUSDC2-A,4547584.0,919633664.51,2022-07-25-00-00-00-000000
160,CRVV1ETHSTETH-A,447.62431062,709843.71,2022-07-25-00-00-00-000000
161,RWA001-A,1.0,15913500.0,2022-07-25-00-00-00-000000
162,RWA002-A,1.0,22495725.0,2022-07-25-00-00-00-000000
163,RWA003-A,1.0,2359560.0,2022-07-25-00-00-00-000000
164,RWA004-A,1.0,8815730.0,2022-07-25-00-00-00-000000
165,RWA005-A,1.0,17199394.0,2022-07-25-00-00-00-000000
166,RWA006-A,0.0,0.0,2022-07-25-00-00-00-000000
167,USDC,3630870460.0,3634501330.46,2022-07-25-00-00-00-000000
168,USDP,458127925.0,461334820.475,2022-07-25-00-00-00-000000
169,GUSD,56.0,56.28,2022-07-25-00-00-00-000000
170,ETH-A,504754.0,696000083.4,2022-07-26-00-00-00-000000
171,ETH-B,85895.0,118440185.5,2022-07-26-00-00-00-000000
172,ETH-C,926754.0,1277891467.88,2022-07-26-00-00-00-000000
173,WSTETH-A,131458.0,191956769.7,2022-07-26-00-00-00-000000
174,WSTETH-B,102294.0,149371884.61,2022-07-26-00-00-00-000000
175,USDC-A,227112537.0,227112536.98,2022-07-26-00-00-00-000000
176,WBTC-A,33906.0,709279360.34,2022-07-26-00-00-00-000000
177,WBTC-B,633.0,13247719.46,2022-07-26-00-00-00-000000
178,WBTC-C,5572.0,116559600.11,2022-07-26-00-00-00-000000
179,MANA-A,68345084.0,59194085.47,2022-07-26-00-00-00-000000
180,USDP-A,6237220.0,6237219.84,2022-07-26-00-00-00-000000
181,LINK-A,880933.0,5561782.18,2022-07-26-00-00-00-000000
182,YFI-A,58.0,383707.69,2022-07-26-00-00-00-000000
183,GUSD-A,392094.0,392093.89,2022-07-26-00-00-00-000000
184,UNI-A,77966.0,513328.02,2022-07-26-00-00-00-000000
185,RENBTC-A,355.0,7422623.27,2022-07-26-00-00-00-000000
186,MATIC-A,130864568.0,96598027.15,2022-07-26-00-00-00-000000
187,UNIV2DAIETH-A,1730.0,438489.26,2022-07-26-00-00-00-000000
188,UNIV2WBTCETH-A,0.00025942,667343.52,2022-07-26-00-00-00-000000
189,UNIV2USDCETH-A,0.04081832,6144418.54,2022-07-26-00-00-00-000000
190,UNIV2DAIUSDC-A,77.6048325,174796831.46,2022-07-26-00-00-00-000000
191,UNIV2WBTCDAI-A,0.00024175,17285.64,2022-07-26-00-00-00-000000
192,GUNIV3DAIUSDC1-A,751021.0,766389652.06,2022-07-26-00-00-00-000000
193,GUNIV3DAIUSDC2-A,4800574.0,970797647.43,2022-07-26-00-00-00-000000
194,CRVV1ETHSTETH-A,447.62431062,633387.11,2022-07-26-00-00-00-000000
195,RWA001-A,1.0,15913500.0,2022-07-26-00-00-00-000000
196,RWA002-A,1.0,22495725.0,2022-07-26-00-00-00-000000
197,RWA003-A,1.0,2359560.0,2022-07-26-00-00-00-000000
198,RWA004-A,1.0,8815730.0,2022-07-26-00-00-00-000000
199,RWA005-A,1.0,17199394.0,2022-07-26-00-00-00-000000
200,RWA006-A,0.0,0.0,2022-07-26-00-00-00-000000
201,USDC,3528980541.0,3522868346.702988,2022-07-26-00-00-00-000000
202,USDP,458117770.0,462240829.93,2022-07-26-00-00-00-000000
203,GUSD,56.0,55.9944,2022-07-26-00-00-00-000000
204,ETH-A,504990.0,744304264.58,2022-07-27-00-00-00-000000
205,ETH-B,88588.0,130570111.89,2022-07-27-00-00-00-000000
206,ETH-C,926833.0,1366058763.5,2022-07-27-00-00-00-000000
207,WSTETH-A,131870.0,208393034.92,2022-07-27-00-00-00-000000
208,WSTETH-B,102512.0,162000043.28,2022-07-27-00-00-00-000000
209,USDC-A,227112537.0,227112536.98,2022-07-27-00-00-00-000000
210,WBTC-A,34136.0,727183076.37,2022-07-27-00-00-00-000000
211,WBTC-B,654.0,13923411.12,2022-07-27-00-00-00-000000
212,WBTC-C,5330.0,113553195.0,2022-07-27-00-00-00-000000
213,MANA-A,68345084.0,60054824.89,2022-07-27-00-00-00-000000
214,USDP-A,6237220.0,6237219.84,2022-07-27-00-00-00-000000
215,LINK-A,880933.0,5586184.63,2022-07-27-00-00-00-000000
216,YFI-A,58.0,390533.14,2022-07-27-00-00-00-000000
217,GUSD-A,392094.0,392093.89,2022-07-27-00-00-00-000000
218,UNI-A,77966.0,530390.29,2022-07-27-00-00-00-000000
219,RENBTC-A,355.0,7572346.36,2022-07-27-00-00-00-000000
220,MATIC-A,130864568.0,105825158.85,2022-07-27-00-00-00-000000
221,UNIV2DAIETH-A,1730.0,456812.12,2022-07-27-00-00-00-000000
222,UNIV2WBTCETH-A,0.00025942,695212.89,2022-07-27-00-00-00-000000
223,UNIV2USDCETH-A,0.04081832,6355351.91,2022-07-27-00-00-00-000000
224,UNIV2DAIUSDC-A,77.59017739,174764762.61,2022-07-27-00-00-00-000000
225,UNIV2WBTCDAI-A,0.00024175,17918.62,2022-07-27-00-00-00-000000
226,GUNIV3DAIUSDC1-A,751041.0,766410452.62,2022-07-27-00-00-00-000000
227,GUNIV3DAIUSDC2-A,5053835.0,1022016847.18,2022-07-27-00-00-00-000000
228,CRVV1ETHSTETH-A,443.94251062,679812.6,2022-07-27-00-00-00-000000
229,RWA001-A,1.0,15913500.0,2022-07-27-00-00-00-000000
230,RWA002-A,1.0,22495725.0,2022-07-27-00-00-00-000000
231,RWA003-A,1.0,2359560.0,2022-07-27-00-00-00-000000
232,RWA004-A,1.0,8815730.0,2022-07-27-00-00-00-000000
233,RWA005-A,1.0,17199394.0,2022-07-27-00-00-00-000000
234,RWA006-A,0.0,0.0,2022-07-27-00-00-00-000000
235,USDC,3488851097.0,3483642242.312179,2022-07-27-00-00-00-000000
236,USDP,458093266.0,461299918.8619999,2022-07-27-00-00-00-000000
237,GUSD,56.0,56.0,2022-07-27-00-00-00-000000
238,ETH-A,505455.0,830533044.74,2022-07-28-00-00-00-000000
239,ETH-B,85399.0,140322019.28,2022-07-28-00-00-00-000000
240,ETH-C,927277.0,1523645955.46,2022-07-28-00-00-00-000000
241,WSTETH-A,131690.0,225634463.21,2022-07-28-00-00-00-000000
242,WSTETH-B,102515.0,175646668.25,2022-07-28-00-00-00-000000
243,USDC-A,227112537.0,227112536.98,2022-07-28-00-00-00-000000
244,WBTC-A,34134.0,788813858.4,2022-07-28-00-00-00-000000
245,WBTC-B,619.0,14297095.5,2022-07-28-00-00-00-000000
246,WBTC-C,5350.0,123629191.32,2022-07-28-00-00-00-000000
247,MANA-A,68345084.0,65262851.41,2022-07-28-00-00-00-000000
248,USDP-A,6237220.0,6237219.84,2022-07-28-00-00-00-000000
249,LINK-A,880933.0,6035077.09,2022-07-28-00-00-00-000000
250,YFI-A,58.0,428766.46,2022-07-28-00-00-00-000000
251,GUSD-A,392094.0,392093.89,2022-07-28-00-00-00-000000
252,UNI-A,77966.0,664972.08,2022-07-28-00-00-00-000000
253,RENBTC-A,353.0,8162072.66,2022-07-28-00-00-00-000000
254,MATIC-A,130864568.0,114498264.13,2022-07-28-00-00-00-000000
255,UNIV2DAIETH-A,1730.0,475128.41,2022-07-28-00-00-00-000000
256,UNIV2WBTCETH-A,0.00025942,723072.27,2022-07-28-00-00-00-000000
257,UNIV2USDCETH-A,0.04081832,6714950.81,2022-07-28-00-00-00-000000
258,UNIV2DAIUSDC-A,77.59017739,174765366.93,2022-07-28-00-00-00-000000
259,UNIV2WBTCDAI-A,0.00024175,18551.37,2022-07-28-00-00-00-000000
260,GUNIV3DAIUSDC1-A,751041.0,766410591.45,2022-07-28-00-00-00-000000
261,GUNIV3DAIUSDC2-A,5053835.0,1022026793.84,2022-07-28-00-00-00-000000
262,CRVV1ETHSTETH-A,443.94251062,737043.32,2022-07-28-00-00-00-000000
263,RWA001-A,1.0,15913500.0,2022-07-28-00-00-00-000000
264,RWA002-A,1.0,22495725.0,2022-07-28-00-00-00-000000
265,RWA003-A,1.0,2359560.0,2022-07-28-00-00-00-000000
266,RWA004-A,1.0,8815730.0,2022-07-28-00-00-00-000000
267,RWA005-A,1.0,17199394.0,2022-07-28-00-00-00-000000
268,RWA006-A,0.0,0.0,2022-07-28-00-00-00-000000
269,USDC,3542045991.0,3549130082.982,2022-07-28-00-00-00-000000
270,USDP,458111500.0,461776392.0,2022-07-28-00-00-00-000000
271,GUSD,56.0,56.392,2022-07-28-00-00-00-000000
272,ETH-A,506018.0,874186739.69,2022-07-29-00-00-00-000000
273,ETH-B,85612.0,147901933.01,2022-07-29-00-00-00-000000
274,ETH-C,924381.0,1596941401.25,2022-07-29-00-00-00-000000
275,WSTETH-A,131281.0,238660614.64,2022-07-29-00-00-00-000000
276,WSTETH-B,101741.0,184957655.12,2022-07-29-00-00-00-000000
277,USDC-A,227112537.0,227112536.98,2022-07-29-00-00-00-000000
278,WBTC-A,33861.0,811318151.54,2022-07-29-00-00-00-000000
279,WBTC-B,619.0,14823828.69,2022-07-29-00-00-00-000000
280,WBTC-C,5600.0,134168170.65,2022-07-29-00-00-00-000000
281,MANA-A,68345084.0,69532416.61,2022-07-29-00-00-00-000000
282,USDP-A,6237220.0,6237219.84,2022-07-29-00-00-00-000000
283,LINK-A,880933.0,6828555.69,2022-07-29-00-00-00-000000
284,YFI-A,58.0,517909.51,2022-07-29-00-00-00-000000
285,GUSD-A,392094.0,392093.89,2022-07-29-00-00-00-000000
286,UNI-A,77966.0,700259.0,2022-07-29-00-00-00-000000
287,RENBTC-A,353.0,8462779.52,2022-07-29-00-00-00-000000
288,MATIC-A,130864568.0,128566579.55,2022-07-29-00-00-00-000000
289,UNIV2DAIETH-A,1730.0,475128.41,2022-07-29-00-00-00-000000
290,UNIV2WBTCETH-A,0.00025942,723072.27,2022-07-29-00-00-00-000000
291,UNIV2USDCETH-A,0.03981832,6663631.06,2022-07-29-00-00-00-000000
292,UNIV2DAIUSDC-A,77.59017739,174765982.55,2022-07-29-00-00-00-000000
293,UNIV2WBTCDAI-A,0.00024175,18551.37,2022-07-29-00-00-00-000000
294,GUNIV3DAIUSDC1-A,751006.0,766375702.98,2022-07-29-00-00-00-000000
295,GUNIV3DAIUSDC2-A,5050888.0,1021433678.12,2022-07-29-00-00-00-000000
296,CRVV1ETHSTETH-A,443.94251062,768957.4,2022-07-29-00-00-00-000000
297,RWA001-A,1.0,15913500.0,2022-07-29-00-00-00-000000
298,RWA002-A,1.0,22495725.0,2022-07-29-00-00-00-000000
299,RWA003-A,1.0,2359560.0,2022-07-29-00-00-00-000000
300,RWA004-A,1.0,8815730.0,2022-07-29-00-00-00-000000
301,RWA005-A,1.0,17199394.0,2022-07-29-00-00-00-000000
302,RWA006-A,0.0,0.0,2022-07-29-00-00-00-000000
303,USDC,3528186819.0,3512698078.86459,2022-07-29-00-00-00-000000
304,USDP,457837664.0,461500365.312,2022-07-29-00-00-00-000000
305,GUSD,56.0,55.328896,2022-07-29-00-00-00-000000
306,ETH-A,506365.0,867641296.64,2022-07-30-00-00-00-000000
307,ETH-B,85896.0,147180518.67,2022-07-30-00-00-00-000000
308,ETH-C,925030.0,1585011434.71,2022-07-30-00-00-00-000000
309,WSTETH-A,131360.0,236786018.17,2022-07-30-00-00-00-000000
310,WSTETH-B,101820.0,183537415.43,2022-07-30-00-00-00-000000
311,USDC-A,227112537.0,227112536.98,2022-07-30-00-00-00-000000
312,WBTC-A,33862.0,828956456.3,2022-07-30-00-00-00-000000
313,WBTC-B,629.0,15402937.79,2022-07-30-00-00-00-000000
314,WBTC-C,5578.0,136558896.87,2022-07-30-00-00-00-000000
315,MANA-A,68345084.0,71197817.16,2022-07-30-00-00-00-000000
316,USDP-A,6237220.0,6237219.84,2022-07-30-00-00-00-000000
317,LINK-A,880933.0,6988445.11,2022-07-30-00-00-00-000000
318,YFI-A,58.0,670793.53,2022-07-30-00-00-00-000000
319,GUSD-A,392094.0,392093.89,2022-07-30-00-00-00-000000
320,UNI-A,77966.0,690449.12,2022-07-30-00-00-00-000000
321,RENBTC-A,353.0,8646371.45,2022-07-30-00-00-00-000000
322,MATIC-A,130864568.0,124846932.88,2022-07-30-00-00-00-000000
323,UNIV2DAIETH-A,1730.0,511845.98,2022-07-30-00-00-00-000000
324,UNIV2WBTCETH-A,0.00025942,778920.29,2022-07-30-00-00-00-000000
325,UNIV2USDCETH-A,0.03981832,6696918.82,2022-07-30-00-00-00-000000
326,UNIV2DAIUSDC-A,77.59017739,174767665.93,2022-07-30-00-00-00-000000
327,UNIV2WBTCDAI-A,0.00024175,19819.81,2022-07-30-00-00-00-000000
328,GUNIV3DAIUSDC1-A,751006.0,766376342.59,2022-07-30-00-00-00-000000
329,GUNIV3DAIUSDC2-A,5052907.0,1021845184.77,2022-07-30-00-00-00-000000
330,CRVV1ETHSTETH-A,443.94251062,775372.54,2022-07-30-00-00-00-000000
331,RWA001-A,1.0,15913500.0,2022-07-30-00-00-00-000000
332,RWA002-A,1.0,22495725.0,2022-07-30-00-00-00-000000
333,RWA003-A,1.0,2359560.0,2022-07-30-00-00-00-000000
334,RWA004-A,1.0,8815730.0,2022-07-30-00-00-00-000000
335,RWA005-A,1.0,17199394.0,2022-07-30-00-00-00-000000
336,RWA006-A,0.0,0.0,2022-07-30-00-00-00-000000
337,USDC,3534806712.0,3532265185.974072,2022-07-30-00-00-00-000000
338,USDP,457849688.0,461054635.8159999,2022-07-30-00-00-00-000000
339,GUSD,56.0,55.484128,2022-07-30-00-00-00-000000
340,ETH-A,506357.0,854663332.47,2022-07-31-00-00-00-000000
341,ETH-B,85896.0,144981323.61,2022-07-31-00-00-00-000000
342,ETH-C,923257.0,1558335725.08,2022-07-31-00-00-00-000000
343,WSTETH-A,131360.0,233197445.79,2022-07-31-00-00-00-000000
344,WSTETH-B,100829.0,178997416.14,2022-07-31-00-00-00-000000
345,USDC-A,227112537.0,227112536.98,2022-07-31-00-00-00-000000
346,WBTC-A,33862.0,798720437.06,2022-07-31-00-00-00-000000
347,WBTC-B,629.0,14841294.06,2022-07-31-00-00-00-000000
348,WBTC-C,5597.0,132025411.46,2022-07-31-00-00-00-000000
349,MANA-A,68345084.0,69103790.5,2022-07-31-00-00-00-000000
350,USDP-A,6237220.0,6237219.84,2022-07-31-00-00-00-000000
351,LINK-A,880933.0,6926964.76,2022-07-31-00-00-00-000000
352,YFI-A,51.0,600615.54,2022-07-31-00-00-00-000000
353,GUSD-A,392094.0,392093.89,2022-07-31-00-00-00-000000
354,UNI-A,77966.0,683448.15,2022-07-31-00-00-00-000000
355,RENBTC-A,353.0,8331095.21,2022-07-31-00-00-00-000000
356,MATIC-A,130864568.0,126577052.23,2022-07-31-00-00-00-000000
357,UNIV2DAIETH-A,1730.0,511845.98,2022-07-31-00-00-00-000000
358,UNIV2WBTCETH-A,0.00025942,778920.29,2022-07-31-00-00-00-000000
359,UNIV2USDCETH-A,0.03981832,6667790.91,2022-07-31-00-00-00-000000
360,UNIV2DAIUSDC-A,77.59017739,174767773.28,2022-07-31-00-00-00-000000
361,UNIV2WBTCDAI-A,0.00024175,19819.81,2022-07-31-00-00-00-000000
362,GUNIV3DAIUSDC1-A,741975.0,757159830.76,2022-07-31-00-00-00-000000
363,GUNIV3DAIUSDC2-A,5052907.0,1021845184.77,2022-07-31-00-00-00-000000
364,CRVV1ETHSTETH-A,443.94251062,766433.5,2022-07-31-00-00-00-000000
365,RWA001-A,1.0,15913500.0,2022-07-31-00-00-00-000000
366,RWA002-A,1.0,22495725.0,2022-07-31-00-00-00-000000
367,RWA003-A,1.0,2359560.0,2022-07-31-00-00-00-000000
368,RWA004-A,1.0,8815730.0,2022-07-31-00-00-00-000000
369,RWA005-A,1.0,17199394.0,2022-07-31-00-00-00-000000
370,RWA006-A,0.0,0.0,2022-07-31-00-00-00-000000
371,USDC,3526491119.0,3526082046.030196,2022-07-31-00-00-00-000000
372,USDP,457830600.0,460577583.6,2022-07-31-00-00-00-000000
373,GUSD,56.0,55.450416,2022-07-31-00-00-00-000000
374,ETH-A,507515.0,839092394.96,2022-08-04-00-00-00-000000
375,ETH-B,88583.0,146456830.93,2022-08-04-00-00-00-000000
376,ETH-C,924670.0,1528789524.98,2022-08-04-00-00-00-000000
377,WSTETH-A,130909.0,227318807.52,2022-08-04-00-00-00-000000
378,WSTETH-B,119573.0,207635703.03,2022-08-04-00-00-00-000000
379,USDC-A,227112537.0,227112536.98,2022-08-04-00-00-00-000000
380,WBTC-A,33866.0,783527382.81,2022-08-04-00-00-00-000000
381,WBTC-B,681.0,15761403.98,2022-08-04-00-00-00-000000
382,WBTC-C,5699.0,131854161.36,2022-08-04-00-00-00-000000
383,MANA-A,68345084.0,68927292.73,2022-08-04-00-00-00-000000
384,USDP-A,6237220.0,6237219.84,2022-08-04-00-00-00-000000
385,LINK-A,880933.0,6570821.87,2022-08-04-00-00-00-000000
386,YFI-A,51.0,557543.01,2022-08-04-00-00-00-000000
387,GUSD-A,392094.0,392093.89,2022-08-04-00-00-00-000000
388,UNI-A,60684.0,544179.73,2022-08-04-00-00-00-000000
389,RENBTC-A,353.0,8173473.27,2022-08-04-00-00-00-000000
390,MATIC-A,130864568.0,118141391.31,2022-08-04-00-00-00-000000
391,UNIV2DAIETH-A,1730.0,584413.64,2022-08-04-00-00-00-000000
392,UNIV2WBTCETH-A,0.00025942,889296.9,2022-08-04-00-00-00-000000
393,UNIV2USDCETH-A,0.03981832,6598858.91,2022-08-04-00-00-00-000000
394,UNIV2DAIUSDC-A,77.59017739,174769036.37,2022-08-04-00-00-00-000000
395,UNIV2WBTCDAI-A,0.00024175,22326.72,2022-08-04-00-00-00-000000
396,GUNIV3DAIUSDC1-A,655685.0,669108764.13,2022-08-04-00-00-00-000000
397,GUNIV3DAIUSDC2-A,4849083.0,980640139.47,2022-08-04-00-00-00-000000
398,CRVV1ETHSTETH-A,443.94251062,748727.6,2022-08-04-00-00-00-000000
399,RWA001-A,1.0,15913500.0,2022-08-04-00-00-00-000000
400,RWA002-A,1.0,22495725.0,2022-08-04-00-00-00-000000
401,RWA003-A,1.0,2359560.0,2022-08-04-00-00-00-000000
402,RWA004-A,1.0,8815730.0,2022-08-04-00-00-00-000000
403,RWA005-A,1.0,17199394.0,2022-08-04-00-00-00-000000
404,RWA006-A,0.0,0.0,2022-08-04-00-00-00-000000
405,USDC,3564983782.0,3572113749.564,2022-08-04-00-00-00-000000
406,USDP,457583331.0,457583331.0,2022-08-04-00-00-00-000000
407,GUSD,56.0,55.907208,2022-08-04-00-00-00-000000
408,ETH-A,507165.0,860380556.83,2022-08-05-00-00-00-000000
409,ETH-B,87777.0,148908862.89,2022-08-05-00-00-00-000000
410,ETH-C,924792.0,1568862993.81,2022-08-05-00-00-00-000000
411,WSTETH-A,130907.0,233089588.89,2022-08-05-00-00-00-000000
412,WSTETH-B,124376.0,221459961.45,2022-08-05-00-00-00-000000
413,USDC-A,227112537.0,227112536.98,2022-08-05-00-00-00-000000
414,WBTC-A,33867.0,788865781.79,2022-08-05-00-00-00-000000
415,WBTC-B,681.0,15868267.43,2022-08-05-00-00-00-000000
416,WBTC-C,5701.0,132791456.85,2022-08-05-00-00-00-000000
417,MANA-A,68345084.0,69561626.01,2022-08-05-00-00-00-000000
418,USDP-A,6237220.0,6237219.84,2022-08-05-00-00-00-000000
419,LINK-A,880933.0,6747950.27,2022-08-05-00-00-00-000000
420,YFI-A,51.0,558502.79,2022-08-05-00-00-00-000000
421,GUSD-A,392094.0,392093.89,2022-08-05-00-00-00-000000
422,UNI-A,60684.0,550820.5,2022-08-05-00-00-00-000000
423,RENBTC-A,354.0,8250075.01,2022-08-05-00-00-00-000000
424,MATIC-A,130864568.0,121207632.66,2022-08-05-00-00-00-000000
425,UNIV2DAIETH-A,1730.0,584413.64,2022-08-05-00-00-00-000000
426,UNIV2WBTCETH-A,0.00010783,369639.32,2022-08-05-00-00-00-000000
427,UNIV2USDCETH-A,0.03981832,6680464.95,2022-08-05-00-00-00-000000
428,UNIV2DAIUSDC-A,77.59017739,174769731.08,2022-08-05-00-00-00-000000
429,UNIV2WBTCDAI-A,0.00024175,22326.72,2022-08-05-00-00-00-000000
430,GUNIV3DAIUSDC1-A,696137.0,710391158.88,2022-08-05-00-00-00-000000
431,GUNIV3DAIUSDC2-A,5053981.0,1022080023.59,2022-08-05-00-00-00-000000
432,CRVV1ETHSTETH-A,443.94251062,765364.55,2022-08-05-00-00-00-000000
433,RWA001-A,1.0,15913500.0,2022-08-05-00-00-00-000000
434,RWA002-A,1.0,22495725.0,2022-08-05-00-00-00-000000
435,RWA003-A,1.0,2359560.0,2022-08-05-00-00-00-000000
436,RWA004-A,1.0,8815730.0,2022-08-05-00-00-00-000000
437,RWA005-A,1.0,17199394.0,2022-08-05-00-00-00-000000
438,RWA006-A,0.0,0.0,2022-08-05-00-00-00-000000
439,RWA008-A,0.0,0.0,2022-08-05-00-00-00-000000
440,RWA009-A,1.0,100000000.0,2022-08-05-00-00-00-000000
441,USDC,3523179559.0,3530225918.118,2022-08-05-00-00-00-000000
442,USDP,457557035.0,457293939.704875,2022-08-05-00-00-00-000000
443,GUSD,55.0,55.05499999999999,2022-08-05-00-00-00-000000
444,ETH-A,507186.0,868766685.29,2022-08-06-00-00-00-000000
445,ETH-B,88061.0,150840994.31,2022-08-06-00-00-00-000000
446,ETH-C,923759.0,1582321303.75,2022-08-06-00-00-00-000000
447,WSTETH-A,130911.0,234148544.87,2022-08-06-00-00-00-000000
448,WSTETH-B,124604.0,222868162.12,2022-08-06-00-00-00-000000
449,USDC-A,227112537.0,227112536.98,2022-08-06-00-00-00-000000
450,WBTC-A,33867.0,785234561.79,2022-08-06-00-00-00-000000
451,WBTC-B,681.0,15795224.37,2022-08-06-00-00-00-000000
452,WBTC-C,5701.0,132180205.86,2022-08-06-00-00-00-000000
453,MANA-A,68345084.0,73834015.41,2022-08-06-00-00-00-000000
454,USDP-A,6237220.0,6237219.84,2022-08-06-00-00-00-000000
455,LINK-A,880863.0,7005809.15,2022-08-06-00-00-00-000000
456,YFI-A,51.0,606863.56,2022-08-06-00-00-00-000000
457,GUSD-A,392094.0,392093.89,2022-08-06-00-00-00-000000
458,UNI-A,60684.0,545659.71,2022-08-06-00-00-00-000000
459,RENBTC-A,354.0,8212099.18,2022-08-06-00-00-00-000000
460,MATIC-A,130864568.0,121002221.63,2022-08-06-00-00-00-000000
461,UNIV2DAIETH-A,1730.0,584413.64,2022-08-06-00-00-00-000000
462,UNIV2WBTCETH-A,0.00010783,369639.32,2022-08-06-00-00-00-000000
463,UNIV2USDCETH-A,0.03981832,6728593.13,2022-08-06-00-00-00-000000
464,UNIV2DAIUSDC-A,83.59764089,188301583.6,2022-08-06-00-00-00-000000
465,UNIV2WBTCDAI-A,0.00024175,22326.72,2022-08-06-00-00-00-000000
466,GUNIV3DAIUSDC1-A,729921.0,744866506.2,2022-08-06-00-00-00-000000
467,GUNIV3DAIUSDC2-A,5053981.0,1022081060.24,2022-08-06-00-00-00-000000
468,CRVV1ETHSTETH-A,443.94251062,772098.74,2022-08-06-00-00-00-000000
469,RWA001-A,1.0,15913500.0,2022-08-06-00-00-00-000000
470,RWA002-A,1.0,22495725.0,2022-08-06-00-00-00-000000
471,RWA003-A,1.0,2359560.0,2022-08-06-00-00-00-000000
472,RWA004-A,1.0,8815730.0,2022-08-06-00-00-00-000000
473,RWA005-A,1.0,17199394.0,2022-08-06-00-00-00-000000
474,RWA006-A,0.0,0.0,2022-08-06-00-00-00-000000
475,RWA008-A,0.0,0.0,2022-08-06-00-00-00-000000
476,RWA009-A,1.0,100000000.0,2022-08-06-00-00-00-000000
477,USDC,3501821818.0,3499304008.112858,2022-08-06-00-00-00-000000
478,USDP,457482751.0,457466281.620964,2022-08-06-00-00-00-000000
479,GUSD,55.0,54.949675,2022-08-06-00-00-00-000000
480,ETH-A,505655.0,855618908.53,2022-08-07-00-00-00-000000
481,ETH-B,91090.0,154133482.94,2022-08-07-00-00-00-000000
482,ETH-C,925016.0,1565219574.23,2022-08-07-00-00-00-000000
483,WSTETH-A,130972.0,230997586.61,2022-08-07-00-00-00-000000
484,WSTETH-B,124578.0,219720548.22,2022-08-07-00-00-00-000000
485,USDC-A,227112537.0,227112536.98,2022-08-07-00-00-00-000000
486,WBTC-A,33872.0,784312277.25,2022-08-07-00-00-00-000000
487,WBTC-B,681.0,15774361.25,2022-08-07-00-00-00-000000
488,WBTC-C,5708.0,132170388.85,2022-08-07-00-00-00-000000
489,MANA-A,68345084.0,72025466.27,2022-08-07-00-00-00-000000
490,USDP-A,6237220.0,6237219.84,2022-08-07-00-00-00-000000
491,LINK-A,880863.0,6924461.48,2022-08-07-00-00-00-000000
492,YFI-A,51.0,589783.56,2022-08-07-00-00-00-000000
493,GUSD-A,392094.0,392093.89,2022-08-07-00-00-00-000000
494,UNI-A,60684.0,543212.47,2022-08-07-00-00-00-000000
495,RENBTC-A,354.0,8201252.23,2022-08-07-00-00-00-000000
496,MATIC-A,130864568.0,119158199.68,2022-08-07-00-00-00-000000
497,UNIV2DAIETH-A,1730.0,584413.64,2022-08-07-00-00-00-000000
498,UNIV2WBTCETH-A,0.00010783,369639.32,2022-08-07-00-00-00-000000
499,UNIV2USDCETH-A,0.03981832,6676698.57,2022-08-07-00-00-00-000000
500,UNIV2DAIUSDC-A,83.59764089,188301999.51,2022-08-07-00-00-00-000000
501,UNIV2WBTCDAI-A,0.00024175,22326.72,2022-08-07-00-00-00-000000
502,GUNIV3DAIUSDC1-A,729921.0,744866625.55,2022-08-07-00-00-00-000000
503,GUNIV3DAIUSDC2-A,5037121.0,1018673159.35,2022-08-07-00-00-00-000000
504,CRVV1ETHSTETH-A,443.94251062,758518.26,2022-08-07-00-00-00-000000
505,RWA001-A,1.0,15913500.0,2022-08-07-00-00-00-000000
506,RWA002-A,1.0,22495725.0,2022-08-07-00-00-00-000000
507,RWA003-A,1.0,2359560.0,2022-08-07-00-00-00-000000
508,RWA004-A,1.0,8815730.0,2022-08-07-00-00-00-000000
509,RWA005-A,1.0,17199394.0,2022-08-07-00-00-00-000000
510,RWA006-A,0.0,0.0,2022-08-07-00-00-00-000000
511,RWA008-A,0.0,0.0,2022-08-07-00-00-00-000000
512,RWA009-A,1.0,100000000.0,2022-08-07-00-00-00-000000
513,USDC,3504172673.0,3493639129.944962,2022-08-07-00-00-00-000000
514,USDP,457521951.0,456455009.810268,2022-08-07-00-00-00-000000
515,GUSD,55.0,55.05499999999999,2022-08-07-00-00-00-000000
516,ETH-A,505680.0,913698851.99,2022-08-08-00-00-00-000000
517,ETH-B,91245.0,164867226.45,2022-08-08-00-00-00-000000
518,ETH-C,920104.0,1662508808.67,2022-08-08-00-00-00-000000
519,WSTETH-A,130930.0,245642280.91,2022-08-08-00-00-00-000000
520,WSTETH-B,127433.0,239080137.58,2022-08-08-00-00-00-000000
521,USDC-A,227112537.0,227112536.98,2022-08-08-00-00-00-000000
522,WBTC-A,33878.0,818014528.15,2022-08-08-00-00-00-000000
523,WBTC-B,681.0,16449437.3,2022-08-08-00-00-00-000000
524,WBTC-C,5709.0,137862098.39,2022-08-08-00-00-00-000000
525,MANA-A,68345084.0,75244339.97,2022-08-08-00-00-00-000000
526,USDP-A,6237220.0,6237219.84,2022-08-08-00-00-00-000000
527,LINK-A,883525.0,7653056.64,2022-08-08-00-00-00-000000
528,YFI-A,51.0,605174.77,2022-08-08-00-00-00-000000
529,GUSD-A,392094.0,392093.89,2022-08-08-00-00-00-000000
530,UNI-A,60684.0,557852.13,2022-08-08-00-00-00-000000
531,RENBTC-A,351.0,8479623.91,2022-08-08-00-00-00-000000
532,MATIC-A,130864568.0,123673832.63,2022-08-08-00-00-00-000000
533,UNIV2DAIETH-A,1730.0,584413.64,2022-08-08-00-00-00-000000
534,UNIV2WBTCETH-A,0.00010783,369639.32,2022-08-08-00-00-00-000000
535,UNIV2USDCETH-A,0.03981832,6901081.67,2022-08-08-00-00-00-000000
536,UNIV2DAIUSDC-A,83.59764089,188302309.91,2022-08-08-00-00-00-000000
537,UNIV2WBTCDAI-A,0.00024175,22326.72,2022-08-08-00-00-00-000000
538,GUNIV3DAIUSDC1-A,728098.0,743006132.79,2022-08-08-00-00-00-000000
539,GUNIV3DAIUSDC2-A,4771833.0,965023869.73,2022-08-08-00-00-00-000000
540,CRVV1ETHSTETH-A,476.60773512,866189.87,2022-08-08-00-00-00-000000
541,RWA001-A,1.0,15913500.0,2022-08-08-00-00-00-000000
542,RWA002-A,1.0,22495725.0,2022-08-08-00-00-00-000000
543,RWA003-A,1.0,2359560.0,2022-08-08-00-00-00-000000
544,RWA004-A,1.0,8815730.0,2022-08-08-00-00-00-000000
545,RWA005-A,1.0,17199394.0,2022-08-08-00-00-00-000000
546,RWA006-A,0.0,0.0,2022-08-08-00-00-00-000000
547,RWA008-A,0.0,0.0,2022-08-08-00-00-00-000000
548,RWA009-A,1.0,100000000.0,2022-08-08-00-00-00-000000
549,USDC,3517754043.0,3524789551.086,2022-08-08-00-00-00-000000
550,USDP,457462099.0,456078276.150525,2022-08-08-00-00-00-000000
551,GUSD,55.0,55.05499999999999,2022-08-08-00-00-00-000000
552,ETH-A,504570.0,898698997.34,2022-08-09-00-00-00-000000
553,ETH-B,91584.0,163121623.31,2022-08-09-00-00-00-000000
554,ETH-C,920275.0,1639118295.48,2022-08-09-00-00-00-000000
555,WSTETH-A,130890.0,243136035.81,2022-08-09-00-00-00-000000
556,WSTETH-B,133674.0,248308691.24,2022-08-09-00-00-00-000000
557,USDC-A,227112537.0,227112536.98,2022-08-09-00-00-00-000000
558,WBTC-A,33857.0,805826342.33,2022-08-09-00-00-00-000000
559,WBTC-B,677.0,16119105.07,2022-08-09-00-00-00-000000
560,WBTC-C,5712.0,135944035.62,2022-08-09-00-00-00-000000
561,MANA-A,68345084.0,74749017.85,2022-08-09-00-00-00-000000
562,USDP-A,6237220.0,6237219.84,2022-08-09-00-00-00-000000
563,LINK-A,883525.0,7649555.16,2022-08-09-00-00-00-000000
564,YFI-A,51.0,588114.86,2022-08-09-00-00-00-000000
565,GUSD-A,392094.0,392093.89,2022-08-09-00-00-00-000000
566,UNI-A,60684.0,535533.93,2022-08-09-00-00-00-000000
567,RENBTC-A,351.0,8358416.19,2022-08-09-00-00-00-000000
568,MATIC-A,130864568.0,119916503.74,2022-08-09-00-00-00-000000
569,UNIV2DAIETH-A,1730.0,584413.64,2022-08-09-00-00-00-000000
570,UNIV2WBTCETH-A,0.00010783,369639.32,2022-08-09-00-00-00-000000
571,UNIV2USDCETH-A,0.03981832,6852910.63,2022-08-09-00-00-00-000000
572,UNIV2DAIUSDC-A,83.59764089,188302724.87,2022-08-09-00-00-00-000000
573,UNIV2WBTCDAI-A,0.00024175,22326.72,2022-08-09-00-00-00-000000
574,GUNIV3DAIUSDC1-A,708867.0,723382175.55,2022-08-09-00-00-00-000000
575,GUNIV3DAIUSDC2-A,4634589.0,937268653.8,2022-08-09-00-00-00-000000
576,CRVV1ETHSTETH-A,476.60773512,857621.04,2022-08-09-00-00-00-000000
577,RWA001-A,1.0,15913500.0,2022-08-09-00-00-00-000000
578,RWA002-A,1.0,22495725.0,2022-08-09-00-00-00-000000
579,RWA003-A,1.0,2359560.0,2022-08-09-00-00-00-000000
580,RWA004-A,1.0,8815730.0,2022-08-09-00-00-00-000000
581,RWA005-A,1.0,17199394.0,2022-08-09-00-00-00-000000
582,RWA006-A,0.0,0.0,2022-08-09-00-00-00-000000
583,RWA008-A,0.0,0.0,2022-08-09-00-00-00-000000
584,RWA009-A,1.0,100000000.0,2022-08-09-00-00-00-000000
585,USDC,3563248614.0,3566811862.614,2022-08-09-00-00-00-000000
586,USDP,457624224.0,456239910.7224,2022-08-09-00-00-00-000000
587,GUSD,55.0,55.05499999999999,2022-08-09-00-00-00-000000
588,ETH-A,502098.0,990272687.75,2022-08-15-00-00-00-000000
589,ETH-B,91015.0,179506473.27,2022-08-15-00-00-00-000000
590,ETH-C,896466.0,1768073452.27,2022-08-15-00-00-00-000000
591,WSTETH-A,129979.0,270226279.5,2022-08-15-00-00-00-000000
592,WSTETH-B,143884.0,299134515.22,2022-08-15-00-00-00-000000
593,USDC-A,227112537.0,227112536.98,2022-08-15-00-00-00-000000
594,WBTC-A,33927.0,841648525.94,2022-08-15-00-00-00-000000
595,WBTC-B,654.0,16228649.15,2022-08-15-00-00-00-000000
596,WBTC-C,4737.0,117507324.3,2022-08-15-00-00-00-000000
597,MANA-A,68345084.0,76114826.34,2022-08-15-00-00-00-000000
598,USDP-A,6237220.0,6237219.84,2022-08-15-00-00-00-000000
599,LINK-A,856238.0,7724980.35,2022-08-15-00-00-00-000000
600,YFI-A,51.0,583010.17,2022-08-15-00-00-00-000000
601,GUSD-A,392094.0,392093.89,2022-08-15-00-00-00-000000
602,RENBTC-A,351.0,8711870.96,2022-08-15-00-00-00-000000
603,MATIC-A,130864568.0,133463447.77,2022-08-15-00-00-00-000000
604,UNIV2USDCETH-A,0.03986347,7157327.17,2022-08-15-00-00-00-000000
605,UNIV2DAIUSDC-A,56.65470143,127615570.33,2022-08-15-00-00-00-000000
606,GUNIV3DAIUSDC1-A,582204.0,594141565.5,2022-08-15-00-00-00-000000
607,GUNIV3DAIUSDC2-A,4346162.0,878966380.37,2022-08-15-00-00-00-000000
608,CRVV1ETHSTETH-A,475.08047022,937346.1,2022-08-15-00-00-00-000000
609,RWA001-A,1.0,15913500.0,2022-08-15-00-00-00-000000
610,RWA002-A,1.0,22495725.0,2022-08-15-00-00-00-000000
611,RWA003-A,1.0,2359560.0,2022-08-15-00-00-00-000000
612,RWA004-A,1.0,8815730.0,2022-08-15-00-00-00-000000
613,RWA005-A,1.0,17199394.0,2022-08-15-00-00-00-000000
614,RWA006-A,0.0,0.0,2022-08-15-00-00-00-000000
615,RWA008-A,0.0,0.0,2022-08-15-00-00-00-000000
616,RWA009-A,1.0,100000000.0,2022-08-15-00-00-00-000000
617,USDC,3543928466.0,3543928466.0,2022-08-15-00-00-00-000000
618,USDP,453705146.0,453559506.648134,2022-08-15-00-00-00-000000
619,GUSD,500109.0,501109.218,2022-08-15-00-00-00-000000
620,ETH-A,501644.0,949510915.62,2022-08-16-00-00-00-000000
621,ETH-B,90473.0,171247192.94,2022-08-16-00-00-00-000000
622,ETH-C,890690.0,1685897692.0,2022-08-16-00-00-00-000000
623,WSTETH-A,129066.0,257338888.43,2022-08-16-00-00-00-000000
624,WSTETH-B,144863.0,288836144.64,2022-08-16-00-00-00-000000
625,USDC-A,227112537.0,227112536.98,2022-08-16-00-00-00-000000
626,WBTC-A,33850.0,814016955.75,2022-08-16-00-00-00-000000
627,WBTC-B,656.0,15767289.32,2022-08-16-00-00-00-000000
628,WBTC-C,4739.0,113961326.95,2022-08-16-00-00-00-000000
629,MANA-A,68345084.0,71355740.85,2022-08-16-00-00-00-000000
630,USDP-A,6237220.0,6237219.84,2022-08-16-00-00-00-000000
631,LINK-A,856238.0,7445011.1,2022-08-16-00-00-00-000000
632,YFI-A,51.0,570954.49,2022-08-16-00-00-00-000000
633,GUSD-A,392094.0,392093.89,2022-08-16-00-00-00-000000
634,RENBTC-A,351.0,8445052.08,2022-08-16-00-00-00-000000
635,MATIC-A,130864568.0,124576622.68,2022-08-16-00-00-00-000000
636,UNIV2USDCETH-A,0.03986347,7088791.82,2022-08-16-00-00-00-000000
637,UNIV2DAIUSDC-A,56.0420534,126235677.7,2022-08-16-00-00-00-000000
638,GUNIV3DAIUSDC1-A,582427.0,594369192.37,2022-08-16-00-00-00-000000
639,GUNIV3DAIUSDC2-A,4346162.0,878971589.25,2022-08-16-00-00-00-000000
640,CRVV1ETHSTETH-A,475.08047022,917439.47,2022-08-16-00-00-00-000000
641,RWA001-A,1.0,15913500.0,2022-08-16-00-00-00-000000
642,RWA002-A,1.0,22495725.0,2022-08-16-00-00-00-000000
643,RWA003-A,1.0,2359560.0,2022-08-16-00-00-00-000000
644,RWA004-A,1.0,8815730.0,2022-08-16-00-00-00-000000
645,RWA005-A,1.0,17199394.0,2022-08-16-00-00-00-000000
646,RWA006-A,0.0,0.0,2022-08-16-00-00-00-000000
647,RWA008-A,0.0,0.0,2022-08-16-00-00-00-000000
648,RWA009-A,1.0,100000000.0,2022-08-16-00-00-00-000000
649,USDC,3532567270.0,3528165691.18158,2022-08-16-00-00-00-000000
650,USDP,453013324.0,452525881.663376,2022-08-16-00-00-00-000000
651,GUSD,500109.0,493941.655812,2022-08-16-00-00-00-000000
652,ETH-A,502092.0,923417723.59,2022-08-18-00-00-00-000000
653,ETH-B,90116.0,165735896.33,2022-08-18-00-00-00-000000
654,ETH-C,892860.0,1642095040.34,2022-08-18-00-00-00-000000
655,WSTETH-A,128083.0,248024562.26,2022-08-18-00-00-00-000000
656,WSTETH-B,145924.0,282570751.27,2022-08-18-00-00-00-000000
657,USDC-A,227112537.0,227112536.98,2022-08-18-00-00-00-000000
658,WBTC-A,33850.0,793642079.4,2022-08-18-00-00-00-000000
659,WBTC-B,662.0,15513122.17,2022-08-18-00-00-00-000000
660,WBTC-C,4789.0,112283515.64,2022-08-18-00-00-00-000000
661,MANA-A,68345084.0,66069192.24,2022-08-18-00-00-00-000000
662,USDP-A,6237220.0,6237219.84,2022-08-18-00-00-00-000000
663,LINK-A,856238.0,6893427.57,2022-08-18-00-00-00-000000
664,YFI-A,51.0,571066.54,2022-08-18-00-00-00-000000
665,GUSD-A,392094.0,392093.89,2022-08-18-00-00-00-000000
666,RENBTC-A,351.0,8233672.09,2022-08-18-00-00-00-000000
667,MATIC-A,130864568.0,115555376.58,2022-08-18-00-00-00-000000
668,UNIV2USDCETH-A,0.03984647,7008518.64,2022-08-18-00-00-00-000000
669,UNIV2DAIUSDC-A,52.72776807,118770383.14,2022-08-18-00-00-00-000000
670,GUNIV3DAIUSDC1-A,582382.0,594324177.13,2022-08-18-00-00-00-000000
671,GUNIV3DAIUSDC2-A,4345938.0,878931437.47,2022-08-18-00-00-00-000000
672,CRVV1ETHSTETH-A,506.49549188,955332.88,2022-08-18-00-00-00-000000
673,RWA001-A,1.0,15913500.0,2022-08-18-00-00-00-000000
674,RWA002-A,1.0,22495725.0,2022-08-18-00-00-00-000000
675,RWA003-A,1.0,2359560.0,2022-08-18-00-00-00-000000
676,RWA004-A,1.0,8815730.0,2022-08-18-00-00-00-000000
677,RWA005-A,1.0,17199394.0,2022-08-18-00-00-00-000000
678,RWA006-A,0.0,0.0,2022-08-18-00-00-00-000000
679,RWA008-A,0.0,0.0,2022-08-18-00-00-00-000000
680,RWA009-A,1.0,100000000.0,2022-08-18-00-00-00-000000
681,USDC,3462283873.0,3465746156.873,2022-08-18-00-00-00-000000
682,USDP,452906428.0,453812240.856,2022-08-18-00-00-00-000000
683,GUSD,477569.0,478046.569,2022-08-18-00-00-00-000000
684,ETH-A,501518.0,875149008.17,2022-08-19-00-00-00-000000
685,ETH-B,89532.0,156233356.39,2022-08-19-00-00-00-000000
686,ETH-C,894626.0,1561123065.64,2022-08-19-00-00-00-000000
687,WSTETH-A,127998.0,236753294.74,2022-08-19-00-00-00-000000
688,WSTETH-B,146067.0,270174161.26,2022-08-19-00-00-00-000000
689,USDC-A,227112537.0,227112536.98,2022-08-19-00-00-00-000000
690,WBTC-A,33683.0,740296265.78,2022-08-19-00-00-00-000000
691,WBTC-B,662.0,14546558.11,2022-08-19-00-00-00-000000
692,WBTC-C,4787.0,105209202.04,2022-08-19-00-00-00-000000
693,MANA-A,68345084.0,58027367.99,2022-08-19-00-00-00-000000
694,USDP-A,6237220.0,6237219.84,2022-08-19-00-00-00-000000
695,LINK-A,853742.0,6067542.87,2022-08-19-00-00-00-000000
696,YFI-A,51.0,478606.93,2022-08-19-00-00-00-000000
697,GUSD-A,392094.0,392093.89,2022-08-19-00-00-00-000000
698,RENBTC-A,351.0,7718329.01,2022-08-19-00-00-00-000000
699,MATIC-A,131002167.0,104686910.23,2022-08-19-00-00-00-000000
700,UNIV2USDCETH-A,0.03984647,6881034.1,2022-08-19-00-00-00-000000
701,UNIV2DAIUSDC-A,48.35826006,108928105.24,2022-08-19-00-00-00-000000
702,GUNIV3DAIUSDC1-A,439589.0,448603414.18,2022-08-19-00-00-00-000000
703,GUNIV3DAIUSDC2-A,4950523.0,1001206856.31,2022-08-19-00-00-00-000000
704,CRVV1ETHSTETH-A,547.05782077,979950.98,2022-08-19-00-00-00-000000
705,RWA001-A,1.0,15913500.0,2022-08-19-00-00-00-000000
706,RWA002-A,1.0,22495725.0,2022-08-19-00-00-00-000000
707,RWA003-A,1.0,2359560.0,2022-08-19-00-00-00-000000
708,RWA004-A,1.0,8815730.0,2022-08-19-00-00-00-000000
709,RWA005-A,1.0,17199394.0,2022-08-19-00-00-00-000000
710,RWA006-A,0.0,0.0,2022-08-19-00-00-00-000000
711,RWA008-A,0.0,0.0,2022-08-19-00-00-00-000000
712,RWA009-A,1.0,100000000.0,2022-08-19-00-00-00-000000
713,USDC,3430039768.0,3436899847.536,2022-08-19-00-00-00-000000
714,USDP,452916423.0,451278224.298009,2022-08-19-00-00-00-000000
715,GUSD,477569.0,473840.618817,2022-08-19-00-00-00-000000
716,ETH-A,500371.0,813993799.1,2022-08-20-00-00-00-000000
717,ETH-B,87523.0,142380716.0,2022-08-20-00-00-00-000000
718,ETH-C,895127.0,1456174251.46,2022-08-20-00-00-00-000000
719,WSTETH-A,127987.0,219127996.4,2022-08-20-00-00-00-000000
720,WSTETH-B,154081.0,263803300.29,2022-08-20-00-00-00-000000
721,USDC-A,227112537.0,227112536.98,2022-08-20-00-00-00-000000
722,WBTC-A,33685.0,712342996.41,2022-08-20-00-00-00-000000
723,WBTC-B,712.0,15049063.11,2022-08-20-00-00-00-000000
724,WBTC-C,4761.0,100677842.06,2022-08-20-00-00-00-000000
725,MANA-A,68345084.0,58097943.17,2022-08-20-00-00-00-000000
726,USDP-A,6237220.0,6237219.84,2022-08-20-00-00-00-000000
727,LINK-A,853742.0,5966812.66,2022-08-20-00-00-00-000000
728,YFI-A,51.0,458934.93,2022-08-20-00-00-00-000000
729,GUSD-A,392094.0,392093.89,2022-08-20-00-00-00-000000
730,RENBTC-A,350.0,7400289.47,2022-08-20-00-00-00-000000
731,MATIC-A,131002167.0,105436242.66,2022-08-20-00-00-00-000000
732,UNIV2USDCETH-A,0.03984647,6592374.37,2022-08-20-00-00-00-000000
733,UNIV2DAIUSDC-A,47.37818877,106720934.4,2022-08-20-00-00-00-000000
734,GUNIV3DAIUSDC1-A,439544.0,448558066.14,2022-08-20-00-00-00-000000
735,GUNIV3DAIUSDC2-A,4703222.0,951192903.37,2022-08-20-00-00-00-000000
736,CRVV1ETHSTETH-A,476.22194214,791816.85,2022-08-20-00-00-00-000000
737,RWA001-A,1.0,15913500.0,2022-08-20-00-00-00-000000
738,RWA002-A,1.0,22495725.0,2022-08-20-00-00-00-000000
739,RWA003-A,1.0,2359560.0,2022-08-20-00-00-00-000000
740,RWA004-A,1.0,8815730.0,2022-08-20-00-00-00-000000
741,RWA005-A,1.0,17199394.0,2022-08-20-00-00-00-000000
742,RWA006-A,0.0,0.0,2022-08-20-00-00-00-000000
743,RWA008-A,0.0,0.0,2022-08-20-00-00-00-000000
744,RWA009-A,1.0,100000000.0,2022-08-20-00-00-00-000000
745,USDC,3471875357.0,3467608422.186247,2022-08-20-00-00-00-000000
746,USDP,397230374.0,397627604.374,2022-08-20-00-00-00-000000
747,GUSD,41427.0,41275.667169,2022-08-20-00-00-00-000000
748,ETH-A,499745.0,850421200.41,2022-08-25-00-00-00-000000
749,ETH-B,82122.0,139748705.11,2022-08-25-00-00-00-000000
750,ETH-C,892440.0,1518676372.56,2022-08-25-00-00-00-000000
751,WSTETH-A,128339.0,229347328.12,2022-08-25-00-00-00-000000
752,WSTETH-B,154798.0,276631097.29,2022-08-25-00-00-00-000000
753,USDC-A,227112486.0,227112485.7,2022-08-25-00-00-00-000000
754,WBTC-A,33708.0,731886013.06,2022-08-25-00-00-00-000000
755,WBTC-B,724.0,15717845.69,2022-08-25-00-00-00-000000
756,WBTC-C,4766.0,103479813.31,2022-08-25-00-00-00-000000
757,MANA-A,68345084.0,58186355.71,2022-08-25-00-00-00-000000
758,USDP-A,6237220.0,6237219.84,2022-08-25-00-00-00-000000
759,LINK-A,834124.0,6122467.0,2022-08-25-00-00-00-000000
760,YFI-A,51.0,510089.01,2022-08-25-00-00-00-000000
761,GUSD-A,392094.0,392093.89,2022-08-25-00-00-00-000000
762,RENBTC-A,351.0,7616269.0,2022-08-25-00-00-00-000000
763,MATIC-A,131008348.0,108836492.9,2022-08-25-00-00-00-000000
764,UNIV2USDCETH-A,0.04032909,6770705.66,2022-08-25-00-00-00-000000
765,UNIV2DAIUSDC-A,21.76432465,49025060.88,2022-08-25-00-00-00-000000
766,GUNIV3DAIUSDC1-A,423717.0,432411726.93,2022-08-25-00-00-00-000000
767,GUNIV3DAIUSDC2-A,4468144.0,903662476.54,2022-08-25-00-00-00-000000
768,CRVV1ETHSTETH-A,476.22194214,814031.07,2022-08-25-00-00-00-000000
769,RWA001-A,1.0,15913500.0,2022-08-25-00-00-00-000000
770,RWA002-A,1.0,22495725.0,2022-08-25-00-00-00-000000
771,RWA003-A,1.0,2359560.0,2022-08-25-00-00-00-000000
772,RWA004-A,1.0,8815730.0,2022-08-25-00-00-00-000000
773,RWA005-A,1.0,17199394.0,2022-08-25-00-00-00-000000
774,RWA006-A,0.0,0.0,2022-08-25-00-00-00-000000
775,RWA008-A,0.0,0.0,2022-08-25-00-00-00-000000
776,RWA009-A,1.0,100000000.0,2022-08-25-00-00-00-000000
777,USDC,3444511217.0,3447955728.2169995,2022-08-25-00-00-00-000000
778,USDP,446535241.0,446474065.671983,2022-08-25-00-00-00-000000
779,GUSD,41427.0,41363.078139000005,2022-08-25-00-00-00-000000
780,ETH-A,499739.0,839092055.11,2022-08-26-00-00-00-000000
781,ETH-B,82260.0,138119191.92,2022-08-26-00-00-00-000000
782,ETH-C,892579.0,1498693527.51,2022-08-26-00-00-00-000000
783,WSTETH-A,128353.0,228158853.06,2022-08-26-00-00-00-000000
784,WSTETH-B,154836.0,275234047.43,2022-08-26-00-00-00-000000
785,USDC-A,227112486.0,227112485.7,2022-08-26-00-00-00-000000
786,WBTC-A,33708.0,724186067.48,2022-08-26-00-00-00-000000
787,WBTC-B,721.0,15483271.46,2022-08-26-00-00-00-000000
788,WBTC-C,4766.0,102391134.31,2022-08-26-00-00-00-000000
789,MANA-A,68345084.0,57374861.96,2022-08-26-00-00-00-000000
790,USDP-A,6237220.0,6237219.84,2022-08-26-00-00-00-000000
791,LINK-A,822309.0,5819216.96,2022-08-26-00-00-00-000000
792,YFI-A,51.0,494989.15,2022-08-26-00-00-00-000000
793,GUSD-A,392094.0,392093.89,2022-08-26-00-00-00-000000
794,RENBTC-A,351.0,7536140.59,2022-08-26-00-00-00-000000
795,MATIC-A,131008348.0,107883678.09,2022-08-26-00-00-00-000000
796,UNIV2USDCETH-A,0.04032909,6762463.99,2022-08-26-00-00-00-000000
797,UNIV2DAIUSDC-A,21.76432465,49025126.36,2022-08-26-00-00-00-000000
798,GUNIV3DAIUSDC1-A,434852.0,443776837.61,2022-08-26-00-00-00-000000
799,GUNIV3DAIUSDC2-A,4468144.0,903664834.22,2022-08-26-00-00-00-000000
800,CRVV1ETHSTETH-A,515.94724746,890482.59,2022-08-26-00-00-00-000000
801,RWA001-A,1.0,15913500.0,2022-08-26-00-00-00-000000
802,RWA002-A,1.0,22495725.0,2022-08-26-00-00-00-000000
803,RWA003-A,1.0,2359560.0,2022-08-26-00-00-00-000000
804,RWA004-A,1.0,8815730.0,2022-08-26-00-00-00-000000
805,RWA005-A,1.0,17199394.0,2022-08-26-00-00-00-000000
806,RWA006-A,0.0,0.0,2022-08-26-00-00-00-000000
807,RWA008-A,0.0,0.0,2022-08-26-00-00-00-000000
808,RWA009-A,1.0,100000000.0,2022-08-26-00-00-00-000000
809,USDC,3414870382.0,3412251176.417006,2022-08-26-00-00-00-000000
810,USDP,486500800.0,485205248.3696,2022-08-26-00-00-00-000000
811,GUSD,41427.0,41357.112651,2022-08-26-00-00-00-000000
812,ETH-A,483276.0,702522415.06,2022-08-29-00-00-00-000000
813,ETH-B,79826.0,116040144.96,2022-08-29-00-00-00-000000
814,ETH-C,893141.0,1298330219.01,2022-08-29-00-00-00-000000
815,WSTETH-A,128588.0,196367630.78,2022-08-29-00-00-00-000000
816,WSTETH-B,234291.0,357787553.82,2022-08-29-00-00-00-000000
817,USDC-A,227112486.0,227112485.7,2022-08-29-00-00-00-000000
818,WBTC-A,33710.0,668564305.51,2022-08-29-00-00-00-000000
819,WBTC-B,682.0,13519509.4,2022-08-29-00-00-00-000000
820,WBTC-C,4762.0,94436994.98,2022-08-29-00-00-00-000000
821,MANA-A,68345084.0,51682293.75,2022-08-29-00-00-00-000000
822,USDP-A,6237220.0,6237219.84,2022-08-29-00-00-00-000000
823,LINK-A,814376.0,5166090.45,2022-08-29-00-00-00-000000
824,YFI-A,49.0,424801.7,2022-08-29-00-00-00-000000
825,GUSD-A,392094.0,392093.89,2022-08-29-00-00-00-000000
826,RENBTC-A,350.0,6933015.95,2022-08-29-00-00-00-000000
827,MATIC-A,131162272.0,102218062.11,2022-08-29-00-00-00-000000
828,UNIV2USDCETH-A,0.04038081,6315540.91,2022-08-29-00-00-00-000000
829,UNIV2DAIUSDC-A,21.73035018,48948902.01,2022-08-29-00-00-00-000000
830,GUNIV3DAIUSDC1-A,434852.0,443777957.32,2022-08-29-00-00-00-000000
831,GUNIV3DAIUSDC2-A,4430684.0,896095008.78,2022-08-29-00-00-00-000000
832,CRVV1ETHSTETH-A,519.5901079,768228.12,2022-08-29-00-00-00-000000
833,RWA001-A,1.0,15913500.0,2022-08-29-00-00-00-000000
834,RWA002-A,1.0,22495725.0,2022-08-29-00-00-00-000000
835,RWA003-A,1.0,2359560.0,2022-08-29-00-00-00-000000
836,RWA004-A,1.0,8815730.0,2022-08-29-00-00-00-000000
837,RWA005-A,1.0,17199394.0,2022-08-29-00-00-00-000000
838,RWA006-A,0.0,0.0,2022-08-29-00-00-00-000000
839,RWA008-A,0.0,0.0,2022-08-29-00-00-00-000000
840,RWA009-A,1.0,100000000.0,2022-08-29-00-00-00-000000
841,USDC,3347776038.0,3344943819.471852,2022-08-29-00-00-00-000000
842,USDP,499509923.0,499061862.599069,2022-08-29-00-00-00-000000
843,GUSD,41427.0,41301.06192,2022-08-29-00-00-00-000000
844,ETH-A,482154.0,745096322.83,2022-09-01-00-00-00-000000
845,ETH-B,81196.0,125475616.4,2022-09-01-00-00-00-000000
846,ETH-C,895748.0,1384243582.28,2022-09-01-00-00-00-000000
847,WSTETH-A,128772.0,209082844.62,2022-09-01-00-00-00-000000
848,WSTETH-B,234123.0,380137662.14,2022-09-01-00-00-00-000000
849,USDC-A,227112486.0,227112485.7,2022-09-01-00-00-00-000000
850,WBTC-A,33589.0,672796264.5,2022-09-01-00-00-00-000000
851,WBTC-B,708.0,14180064.75,2022-09-01-00-00-00-000000
852,WBTC-C,4882.0,97780655.29,2022-09-01-00-00-00-000000
853,MANA-A,68345084.0,52737802.5,2022-09-01-00-00-00-000000
854,USDP-A,6237220.0,6237219.84,2022-09-01-00-00-00-000000
855,LINK-A,814376.0,5409084.44,2022-09-01-00-00-00-000000
856,YFI-A,49.0,446145.98,2022-09-01-00-00-00-000000
857,GUSD-A,392094.0,392093.89,2022-09-01-00-00-00-000000
858,RENBTC-A,350.0,7002038.17,2022-09-01-00-00-00-000000
859,MATIC-A,131268561.0,110154918.05,2022-09-01-00-00-00-000000
860,UNIV2USDCETH-A,0.04038081,6588085.46,2022-09-01-00-00-00-000000
861,UNIV2DAIUSDC-A,21.59786842,48650997.71,2022-09-01-00-00-00-000000
862,GUNIV3DAIUSDC1-A,439195.0,448212719.12,2022-09-01-00-00-00-000000
863,GUNIV3DAIUSDC2-A,4633607.0,937146040.13,2022-09-01-00-00-00-000000
864,CRVV1ETHSTETH-A,519.5901079,836350.19,2022-09-01-00-00-00-000000
865,RWA001-A,1.0,15913500.0,2022-09-01-00-00-00-000000
866,RWA002-A,1.0,22495725.0,2022-09-01-00-00-00-000000
867,RWA003-A,1.0,2359560.0,2022-09-01-00-00-00-000000
868,RWA004-A,1.0,8815730.0,2022-09-01-00-00-00-000000
869,RWA005-A,1.0,17199394.0,2022-09-01-00-00-00-000000
870,RWA006-A,0.0,0.0,2022-09-01-00-00-00-000000
871,RWA008-A,0.0,0.0,2022-09-01-00-00-00-000000
872,RWA009-A,1.0,100000000.0,2022-09-01-00-00-00-000000
873,USDC,3321043726.0,3309506420.095876,2022-09-01-00-00-00-000000
874,USDP,499475731.0,498927806.123093,2022-09-01-00-00-00-000000
875,GUSD,41427.0,41263.197642,2022-09-01-00-00-00-000000
